{
  "threshold": 75.0,
  "reason": "manual override (--threshold 75)",
  "hub_count": 1,
  "gap": {
    "threshold": 39.68626966596886,
    "gap_low": 21,
    "gap_high": 75,
    "gap_ratio": 3.5714285714285716,
    "median_ratio": 1.0909090909090908,
    "span_orders": 0.5528419686577808,
    "confident": false,
    "top_gaps": [
      [
        3.5714285714285716,
        21,
        75
      ],
      [
        1.6,
        5,
        8
      ],
      [
        1.5,
        2,
        3
      ],
      [
        1.3333333333333333,
        3,
        4
      ]
    ]
  },
  "floor": 2,
  "histogram": [
    [
      1.0,
      1.1970920665917917,
      1
    ],
    [
      1.7154681449629754,
      2.0535733068261153,
      10
    ],
    [
      2.942830956382712,
      3.5228395912064796,
      40
    ],
    [
      3.5228395912064796,
      4.217163326508746,
      7
    ],
    [
      4.217163326508746,
      5.04833276168547,
      1
    ],
    [
      7.234409348731849,
      8.660254037844387,
      3
    ],
    [
      8.660254037844387,
      10.367121403373043,
      4
    ],
    [
      10.367121403373043,
      12.410398785371836,
      8
    ],
    [
      12.410398785371836,
      14.856389929209028,
      11
    ],
    [
      14.856389929209028,
      17.784466522450312,
      6
    ],
    [
      17.784466522450312,
      21.289643782592584,
      8
    ],
    [
      62.65182277377419,
      75.00000000000001,
      1
    ]
  ],
  "hubs": [
    {
      "address": "0xd071d03b1a1334a95a3f6438bb7dd12f1d8cc371",
      "degree": 75
    }
  ]
}